O*NET-SOC Code,Title,human_beta
19-3022.00,Survey Researchers,0.84375
27-3043.00,Writers and Authors,0.8250000000000001
27-3091.00,Interpreters and Translators,0.8235294117647058
27-3031.00,Public Relations Specialists,0.8055555555555555
19-1011.00,Animal Scientists,0.7777777777777777
19-3011.01,Environmental Economists,0.775
43-6012.00,Legal Secretaries and Administrative Assistants,0.75
19-2041.01,Climate Change Policy Analysts,0.75
27-3043.05,"Poets, Lyricists and Creative Writers",0.75
15-2041.01,Biostatisticians,0.74
43-6011.00,Executive Secretaries and Executive Administrative Assistants,0.7272727272727273
19-2041.00,"Environmental Scientists and Specialists, Including Health",0.7272727272727273
19-2041.03,Industrial Ecologists,0.7105263157894737
15-2041.00,Statisticians,0.7105263157894737
15-1251.00,Computer Programmers,0.7058823529411764
41-3011.00,Advertising Sales Agents,0.7000000000000001
43-4011.00,Brokerage Clerks,0.7000000000000001
15-1243.01,Data Warehousing Specialists,0.6944444444444444
43-4021.00,Correspondence Clerks,0.6904761904761905
13-2052.00,Personal Financial Advisors,0.6904761904761905
41-2021.00,Counter and Rental Clerks,0.6875
15-1255.00,Web and Digital Interface Designers,0.6833333333333333
13-1081.01,Logistics Engineers,0.6833333333333333
15-2021.00,Mathematicians,0.6818181818181819
13-1199.05,Sustainability Specialists,0.6785714285714285
43-9111.00,Statistical Assistants,0.6785714285714285
25-1192.00,"Family and Consumer Sciences Teachers, Postsecondary",0.6739130434782609
15-1299.03,Document Management Specialists,0.6739130434782609
13-2071.00,Credit Counselors,0.6739130434782609
15-1299.01,Web Administrators,0.6714285714285714
43-4051.00,Customer Service Representatives,0.6666666666666666
19-3099.01,Transportation Planners,0.6590909090909091
41-4012.00,"Sales Representatives, Wholesale and Manufacturing, Except Technical and Scientific Products",0.6578947368421052
15-1232.00,Computer User Support Specialists,0.65625
13-1041.07,Regulatory Affairs Specialists,0.65625
39-6012.00,Concierges,0.65625
43-5032.00,"Dispatchers, Except Police, Fire, and Ambulance",0.6538461538461539
19-2041.02,Environmental Restoration Planners,0.6521739130434783
15-1299.06,Digital Forensics Analysts,0.65
13-2072.00,Loan Officers,0.65
13-1081.02,Logistics Analysts,0.6451612903225806
27-3041.00,Editors,0.6428571428571428
13-2099.01,Financial Quantitative Analysts,0.6428571428571428
17-2141.02,Automotive Engineers,0.64
15-1254.00,Web Developers,0.6379310344827586
27-3023.00,"News Analysts, Reporters, and Journalists",0.6333333333333333
27-3042.00,Technical Writers,0.6333333333333333
19-2012.00,Physicists,0.6333333333333333
15-2099.01,Bioinformatics Technicians,0.631578947368421
29-9092.00,Genetic Counselors,0.631578947368421
19-1013.00,Soil and Plant Scientists,0.6296296296296295
17-2112.00,Industrial Engineers,0.625
15-2031.00,Operations Research Analysts,0.625
15-1299.05,Information Security Engineers,0.625
43-2021.00,Telephone Operators,0.625
43-6013.00,Medical Secretaries and Administrative Assistants,0.625
13-2082.00,Tax Preparers,0.625
13-2081.00,"Tax Examiners and Collectors, and Revenue Agents",0.62
15-1211.01,Health Informatics Specialists,0.6176470588235294
17-2111.02,Fire-Prevention and Protection Engineers,0.6153846153846154
19-3041.00,Sociologists,0.6153846153846154
13-2031.00,Budget Analysts,0.6153846153846154
25-1126.00,"Philosophy and Religion Teachers, Postsecondary",0.6086956521739131
43-4151.00,Order Clerks,0.6052631578947368
25-1193.00,"Recreation and Fitness Studies Teachers, Postsecondary",0.6041666666666666
15-1299.02,Geographic Information Systems Technologists and Technicians,0.603448275862069
11-2021.00,Marketing Managers,0.6000000000000001
15-1243.00,Database Architects,0.6
15-1253.00,Software Quality Assurance Analysts and Testers,0.6
43-5011.01,Freight Forwarders,0.5967741935483871
43-4041.00,"Credit Authorizers, Checkers, and Clerks",0.59375
15-2051.00,Data Scientists,0.59375
43-6014.00,"Secretaries and Administrative Assistants, Except Legal, Medical, and Executive",0.59375
13-1041.00,Compliance Officers,0.59375
43-9081.00,Proofreaders and Copy Markers,0.5909090909090909
25-1123.00,"English Language and Literature Teachers, Postsecondary",0.5909090909090909
15-1299.04,Penetration Testers,0.5909090909090909
25-1121.00,"Art, Drama, and Music Teachers, Postsecondary",0.5892857142857143
15-2051.01,Business Intelligence Analysts,0.5882352941176471
43-4061.00,"Eligibility Interviewers, Government Programs",0.5882352941176471
11-9161.00,Emergency Management Directors,0.5869565217391304
25-1122.00,"Communications Teachers, Postsecondary",0.5869565217391304
25-1041.00,"Agricultural Sciences Teachers, Postsecondary",0.5869565217391304
25-1112.00,"Law Teachers, Postsecondary",0.5869565217391304
13-1041.08,Customs Brokers,0.5869565217391304
13-2054.00,Financial Risk Specialists,0.5833333333333334
43-4031.00,"Court, Municipal, and License Clerks",0.5833333333333334
15-1242.00,Database Administrators,0.5833333333333333
15-1255.01,Video Game Designers,0.5833333333333333
25-1124.00,"Foreign Language and Literature Teachers, Postsecondary",0.5800000000000001
19-3032.00,Industrial-Organizational Psychologists,0.5800000000000001
19-3051.00,Urban and Regional Planners,0.58
25-1125.00,"History Teachers, Postsecondary",0.58
19-3034.00,School Psychologists,0.5789473684210527
43-4171.00,Receptionists and Information Clerks,0.5789473684210527
41-4011.07,Solar Sales Representatives and Assessors,0.576923076923077
13-1071.00,Human Resources Specialists,0.576923076923077
13-1161.00,Market Research Analysts and Marketing Specialists,0.576923076923077
13-1151.00,Training and Development Specialists,0.5750000000000001
11-2032.00,Public Relations Managers,0.5750000000000001
19-2021.00,Atmospheric and Space Scientists,0.5740740740740741
13-1199.06,Online Merchants,0.5735294117647058
19-3094.00,Political Scientists,0.5714285714285714
15-1299.08,Computer Systems Engineers/Architects,0.5714285714285714
19-1042.00,"Medical Scientists, Except Epidemiologists",0.5714285714285714
13-2022.00,Appraisers of Personal and Business Property,0.5714285714285714
15-2051.02,Clinical Data Managers,0.5714285714285714
25-9031.00,Instructional Coordinators,0.5666666666666667
11-9199.02,Compliance Managers,0.5666666666666667
43-4141.00,New Accounts Clerks,0.5666666666666667
41-3091.00,"Sales Representatives of Services, Except Advertising, Insurance, Financial Services, and Travel",0.5666666666666667
27-2012.03,Media Programming Directors,0.5652173913043478
19-4061.00,Social Science Research Assistants,0.5652173913043478
11-9121.00,Natural Sciences Managers,0.5625
41-3041.00,Travel Agents,0.5625
15-1241.00,Computer Network Architects,0.5606060606060607
11-3021.00,Computer and Information Systems Managers,0.5588235294117647
29-2072.00,Medical Records Specialists,0.5588235294117647
13-2061.00,Financial Examiners,0.5588235294117647
41-4011.00,"Sales Representatives, Wholesale and Manufacturing, Technical and Scientific Products",0.5555555555555556
17-2031.00,Bioengineers and Biomedical Engineers,0.55
19-1029.01,Bioinformatics Scientists,0.55
19-1031.00,Conservation Scientists,0.5499999999999999
17-2072.00,"Electronics Engineers, Except Computer",0.5476190476190476
15-1212.00,Information Security Analysts,0.5416666666666666
41-9041.00,Telemarketers,0.5416666666666666
25-1113.00,"Social Work Teachers, Postsecondary",0.5416666666666666
41-9031.00,Sales Engineers,0.54
15-1231.00,Computer Network Support Specialists,0.5384615384615385
29-2099.08,Patient Representatives,0.5384615384615385
43-9041.00,Insurance Claims and Policy Processing Clerks,0.537037037037037
11-9199.01,Regulatory Affairs Managers,0.537037037037037
27-3092.00,Court Reporters and Simultaneous Captioners,0.5357142857142857
11-3013.01,Security Managers,0.5357142857142857
19-1041.00,Epidemiologists,0.5333333333333333
15-2011.00,Actuaries,0.5333333333333333
25-4012.00,Curators,0.5333333333333333
11-9199.10,Wind Energy Development Managers,0.5333333333333333
19-3033.00,Clinical and Counseling Psychologists,0.5333333333333333
19-4044.00,Hydrologic Technicians,0.53125
29-9021.00,Health Information Technologists and Medical Registrars,0.53125
43-5061.00,"Production, Planning, and Expediting Clerks",0.5294117647058824
15-1299.07,Blockchain Engineers,0.5294117647058824
11-9031.00,"Education and Childcare Administrators, Preschool and Daycare",0.5294117647058824
23-2093.00,"Title Examiners, Abstractors, and Searchers",0.5294117647058824
43-5031.00,Public Safety Telecommunicators,0.5277777777777778
17-2011.00,Aerospace Engineers,0.5277777777777778
41-3021.00,Insurance Sales Agents,0.5263157894736842
11-3031.03,Investment Fund Managers,0.525
15-1244.00,Network and Computer Systems Administrators,0.525
43-4181.00,Reservation and Transportation Ticket Agents and Travel Clerks,0.5238095238095237
11-9171.00,Funeral Home Managers,0.5227272727272727
19-2043.00,Hydrologists,0.52
17-2112.01,Human Factors Engineers and Ergonomists,0.5192307692307693
15-1241.01,Telecommunications Engineering Specialists,0.5192307692307693
17-3011.00,Architectural and Civil Drafters,0.5178571428571428
43-1011.00,First-Line Supervisors of Office and Administrative Support Workers,0.5172413793103449
11-2011.00,Advertising and Promotions Managers,0.5166666666666667
11-1031.00,Legislators,0.5166666666666666
13-2011.00,Accountants and Auditors,0.5166666666666666
19-3091.00,Anthropologists and Archeologists,0.5166666666666666
27-2012.00,Producers and Directors,0.5166666666666666
25-4031.00,Library Technicians,0.5142857142857142
13-1161.01,Search Marketing Strategists,0.5138888888888888
43-9021.00,Data Entry Keyers,0.5
17-3031.00,Surveying and Mapping Technicians,0.5
11-3131.00,Training and Development Managers,0.5
43-9022.00,Word Processors and Typists,0.5
25-4022.00,Librarians and Media Collections Specialists,0.5
25-4011.00,Archivists,0.5
13-1199.04,Business Continuity Planners,0.5
19-1012.00,Food Scientists and Technologists,0.5
19-2042.00,"Geoscientists, Except Hydrologists and Geographers",0.5
17-1021.00,Cartographers and Photogrammetrists,0.5
13-1111.00,Management Analysts,0.5
19-4012.01,Precision Agriculture Technicians,0.5
53-1042.01,Recycling Coordinators,0.5
13-1032.00,"Insurance Appraisers, Auto Damage",0.5
43-3051.00,Payroll and Timekeeping Clerks,0.5
27-3011.00,Broadcast Announcers and Radio Disc Jockeys,0.5
11-9033.00,"Education Administrators, Postsecondary",0.5
19-2032.00,Materials Scientists,0.5
19-3093.00,Historians,0.5
13-1041.01,Environmental Compliance Inspectors,0.5
43-2011.00,"Switchboard Operators, Including Answering Service",0.5
41-9091.00,"Door-to-Door Sales Workers, News and Street Vendors, and Related Workers",0.5
13-2053.00,Insurance Underwriters,0.5
11-2022.00,Sales Managers,0.5
11-2033.00,Fundraising Managers,0.5
11-3012.00,Administrative Services Managers,0.5
17-2051.02,Water/Wastewater Engineers,0.5
29-1129.02,Music Therapists,0.5
17-2081.00,Environmental Engineers,0.5
15-1221.00,Computer and Information Research Scientists,0.5
21-1091.00,Health Education Specialists,0.5
43-9061.00,"Office Clerks, General",0.5
13-2099.04,"Fraud Examiners, Investigators and Analysts",0.5
19-4099.01,Quality Control Analysts,0.5
17-2141.01,Fuel Cell Engineers,0.5
29-1223.00,Psychiatrists,0.5
17-2199.03,"Energy Engineers, Except Wind and Solar",0.5
17-2199.10,Wind Energy Engineers,0.5
13-2041.00,Credit Analysts,0.5
17-2199.06,Microsystems Engineers,0.5
13-2051.00,Financial and Investment Analysts,0.5
25-9021.00,Farm and Home Management Educators,0.5
29-1224.00,Radiologists,0.48333333333333334
41-3031.00,"Securities, Commodities, and Financial Services Sales Agents",0.48333333333333334
13-1031.00,"Claims Adjusters, Examiners, and Investigators",0.48275862068965514
29-1031.00,Dietitians and Nutritionists,0.4821428571428571
13-1131.00,Fundraisers,0.4821428571428571
17-2111.00,"Health and Safety Engineers, Except Mining Safety Engineers and Inspectors",0.48148148148148145
17-2199.09,Nanosystems Engineers,0.48000000000000004
25-1064.00,"Geography Teachers, Postsecondary",0.48
17-2199.08,Robotics Engineers,0.47916666666666663
17-2112.03,Manufacturing Engineers,0.47916666666666663
19-1029.03,Geneticists,0.47916666666666663
27-4032.00,Film and Video Editors,0.4782608695652174
25-1111.00,"Criminal Justice and Law Enforcement Teachers, Postsecondary",0.4782608695652174
15-1211.00,Computer Systems Analysts,0.4772727272727273
23-1011.00,Lawyers,0.4772727272727273
19-4099.03,Remote Sensing Technicians,0.4772727272727273
17-2161.00,Nuclear Engineers,0.47500000000000003
11-9071.00,Gambling Managers,0.47368421052631576
43-3061.00,Procurement Clerks,0.47368421052631576
13-1041.03,Equal Opportunity Representatives and Officers,0.47368421052631576
43-9031.00,Desktop Publishers,0.4722222222222222
11-3061.00,Purchasing Managers,0.4722222222222222
19-1031.03,Park Naturalists,0.4722222222222222
43-4131.00,Loan Interviewers and Clerks,0.4722222222222222
11-3071.00,"Transportation, Storage, and Distribution Managers",0.4666666666666667
13-2023.00,Appraisers and Assessors of Real Estate,0.4666666666666667
17-3012.00,Electrical and Electronics Drafters,0.4666666666666667
17-3013.00,Mechanical Drafters,0.4666666666666667
11-3071.04,Supply Chain Managers,0.4666666666666667
27-1014.00,Special Effects Artists and Animators,0.46428571428571425
13-1051.00,Cost Estimators,0.46428571428571425
13-1075.00,Labor Relations Specialists,0.46428571428571425
33-3052.00,Transit and Railroad Police,0.46428571428571425
11-3051.01,Quality Control Systems Managers,0.4629629629629629
17-2199.11,Solar Energy Systems Engineers,0.46153846153846156
11-3121.00,Human Resources Managers,0.46153846153846156
17-2051.01,Transportation Engineers,0.46153846153846156
25-3011.00,"Adult Basic Education, Adult Secondary Education, and English as a Second Language Instructors",0.4615384615384615
11-3111.00,Compensation and Benefits Managers,0.4583333333333333
25-1022.00,"Mathematical Science Teachers, Postsecondary",0.4583333333333333
17-1022.00,Surveyors,0.4583333333333333
23-2011.00,Paralegals and Legal Assistants,0.4583333333333333
19-2099.01,Remote Sensing Scientists and Technologists,0.4583333333333333
13-1141.00,"Compensation, Benefits, and Job Analysis Specialists",0.4583333333333333
25-1062.00,"Area, Ethnic, and Cultural Studies Teachers, Postsecondary",0.45652173913043476
43-4121.00,"Library Assistants, Clerical",0.4545454545454546
17-2112.02,Validation Engineers,0.4545454545454546
11-9121.01,Clinical Research Coordinators,0.4545454545454546
29-1181.00,Audiologists,0.4545454545454546
13-1081.00,Logisticians,0.4545454545454546
11-9032.00,"Education Administrators, Kindergarten through Secondary",0.453125
21-1092.00,Probation Officers and Correctional Treatment Specialists,0.45238095238095233
15-1299.09,Information Technology Project Managers,0.45238095238095233
11-3031.00,Financial Managers,0.45238095238095233
13-1022.00,"Wholesale and Retail Buyers, Except Farm Products",0.45
25-1194.00,"Career/Technical Education Teachers, Postsecondary",0.45
13-1041.06,Coroners,0.45
43-4161.00,"Human Resources Assistants, Except Payroll and Timekeeping",0.4473684210526315
15-1252.00,Software Developers,0.4473684210526315
21-2021.00,"Directors, Religious Activities and Education",0.4473684210526315
29-1229.06,Sports Medicine Physicians,0.4444444444444444
17-2151.00,"Mining and Geological Engineers, Including Mining Safety Engineers",0.4444444444444444
41-1012.00,First-Line Supervisors of Non-Retail Sales Workers,0.4444444444444444
17-3025.00,Environmental Engineering Technologists and Technicians,0.44230769230769235
43-4111.00,"Interviewers, Except Eligibility and Loan",0.4411764705882353
21-1015.00,Rehabilitation Counselors,0.4411764705882353
27-1021.00,Commercial and Industrial Designers,0.4411764705882353
25-1043.00,"Forestry and Conservation Science Teachers, Postsecondary",0.44
25-1032.00,"Engineering Teachers, Postsecondary",0.4375
25-1081.00,"Education Teachers, Postsecondary",0.4375
17-1011.00,"Architects, Except Landscape and Naval",0.4375
11-9151.00,Social and Community Service Managers,0.4375
19-1021.00,Biochemists and Biophysicists,0.4375
27-1011.00,Art Directors,0.4375
43-3011.00,Bill and Account Collectors,0.43333333333333335
43-3021.00,Billing and Posting Clerks,0.43333333333333335
17-3022.00,Civil Engineering Technologists and Technicians,0.43333333333333335
25-1031.00,"Architecture Teachers, Postsecondary",0.4318181818181818
19-1029.02,Molecular and Cellular Biologists,0.4318181818181818
25-1065.00,"Political Science Teachers, Postsecondary",0.4318181818181818
25-1063.00,"Economics Teachers, Postsecondary",0.4318181818181818
41-1011.00,First-Line Supervisors of Retail Sales Workers,0.42857142857142855
47-4011.01,Energy Auditors,0.42857142857142855
19-1023.00,Zoologists and Wildlife Biologists,0.42857142857142855
13-1011.00,"Agents and Business Managers of Artists, Performers, and Athletes",0.42857142857142855
11-9051.00,Food Service Managers,0.42857142857142855
11-9121.02,Water Resource Specialists,0.42857142857142855
25-1051.00,"Atmospheric, Earth, Marine, and Space Sciences Teachers, Postsecondary",0.42307692307692313
29-2051.00,Dietetic Technicians,0.42307692307692313
19-2031.00,Chemists,0.42307692307692313
19-3011.00,Economists,0.42307692307692313
19-4042.00,"Environmental Science and Protection Technicians, Including Health",0.42307692307692313
11-9131.00,Postmasters and Mail Superintendents,0.42307692307692313
43-4071.00,File Clerks,0.42105263157894735
41-9021.00,Real Estate Brokers,0.42105263157894735
23-1012.00,Judicial Law Clerks,0.42105263157894735
25-1053.00,"Environmental Science Teachers, Postsecondary",0.42000000000000004
25-1082.00,"Library Science Teachers, Postsecondary",0.42000000000000004
25-1011.00,"Business Teachers, Postsecondary",0.42
17-2121.00,Marine Engineers and Naval Architects,0.4166666666666667
33-1021.00,First-Line Supervisors of Firefighting and Prevention Workers,0.4166666666666667
29-1141.02,Advanced Practice Psychiatric Nurses,0.41666666666666663
11-9199.11,Brownfield Redevelopment Specialists and Site Managers,0.41304347826086957
13-1199.07,Security Management Specialists,0.41304347826086957
25-1071.00,"Health Specialties Teachers, Postsecondary",0.41304347826086957
19-1031.02,Range Managers,0.4117647058823529
43-3041.00,Gambling Cage Workers,0.4117647058823529
11-3051.02,Geothermal Production Managers,0.4117647058823529
19-2011.00,Astronomers,0.4117647058823529
21-1022.00,Healthcare Social Workers,0.4117647058823529
25-1052.00,"Chemistry Teachers, Postsecondary",0.4107142857142857
41-9022.00,Real Estate Sales Agents,0.4090909090909091
11-3031.01,Treasurers and Controllers,0.4090909090909091
11-9141.00,"Property, Real Estate, and Community Association Managers",0.4074074074074074
25-1042.00,"Biological Science Teachers, Postsecondary",0.4074074074074074
17-1022.01,Geodetic Surveyors,0.40625
11-9199.09,Wind Energy Operations Managers,0.40625
29-2052.00,Pharmacy Technicians,0.40476190476190477
25-1061.00,"Anthropology and Archeology Teachers, Postsecondary",0.40384615384615385
19-5012.00,Occupational Health and Safety Technicians,0.40384615384615385
11-9021.00,Construction Managers,0.4
17-3027.00,Mechanical Engineering Technologists and Technicians,0.4
13-1082.00,Project Management Specialists,0.4
33-3021.06,Intelligence Analysts,0.4
43-4081.00,"Hotel, Motel, and Resort Desk Clerks",0.4
25-9044.00,"Teaching Assistants, Postsecondary",0.4
43-3071.00,Tellers,0.39655172413793105
25-1072.00,"Nursing Instructors and Teachers, Postsecondary",0.39655172413793105
25-1067.00,"Sociology Teachers, Postsecondary",0.3958333333333333
41-9011.00,Demonstrators and Product Promoters,0.3958333333333333
25-1054.00,"Physics Teachers, Postsecondary",0.3958333333333333
41-2031.00,Retail Salespersons,0.3958333333333333
29-1127.00,Speech-Language Pathologists,0.3958333333333333
41-9012.00,Models,0.39285714285714285
17-2141.00,Mechanical Engineers,0.39285714285714285
17-2171.00,Petroleum Engineers,0.3913043478260869
29-9091.00,Athletic Trainers,0.3913043478260869
11-1011.03,Chief Sustainability Officers,0.38888888888888884
19-1029.04,Biologists,0.38636363636363635
17-2071.00,Electrical Engineers,0.38636363636363635
25-1021.00,"Computer Science Teachers, Postsecondary",0.38461538461538464
29-1215.00,Family Medicine Physicians,0.38461538461538464
25-3021.00,Self-Enrichment Teachers,0.3833333333333333
17-2051.00,Civil Engineers,0.38235294117647056
11-1021.00,General and Operations Managers,0.38235294117647056
11-9072.00,"Entertainment and Recreation Managers, Except Gambling",0.38235294117647056
29-1221.00,"Pediatricians, General",0.38235294117647056
39-7012.00,Travel Guides,0.38235294117647056
29-1122.00,Occupational Therapists,0.38235294117647056
39-1022.00,First-Line Supervisors of Personal Service Workers,0.38235294117647056
29-1051.00,Pharmacists,0.38095238095238093
17-2072.01,Radio Frequency Identification Device Specialists,0.38095238095238093
13-1121.00,"Meeting, Convention, and Event Planners",0.38095238095238093
25-1066.00,"Psychology Teachers, Postsecondary",0.3793103448275862
33-2022.00,Forest Fire Inspectors and Prevention Specialists,0.375
21-1093.00,Social and Human Service Assistants,0.375
19-4031.00,Chemical Technicians,0.375
19-3092.00,Geographers,0.375
53-1042.00,"First-Line Supervisors of Helpers, Laborers, and Material Movers, Hand",0.375
29-1229.01,Allergists and Immunologists,0.375
53-6041.00,Traffic Technicians,0.375
11-9081.00,Lodging Managers,0.375
27-1022.00,Fashion Designers,0.375
27-1024.00,Graphic Designers,0.375
29-1299.02,Orthoptists,0.375
23-1022.00,"Arbitrators, Mediators, and Conciliators",0.375
11-9199.08,Loss Prevention Managers,0.37037037037037035
29-1141.00,Registered Nurses,0.37037037037037035
25-3041.00,Tutors,0.3684210526315789
29-1216.00,General Internal Medicine Physicians,0.3684210526315789
17-1012.00,Landscape Architects,0.3684210526315789
27-2091.00,"Disc Jockeys, Except Radio",0.3684210526315789
13-1023.00,"Purchasing Agents, Except Wholesale, Retail, and Farm Products",0.3684210526315789
21-1012.00,"Educational, Guidance, and Career Counselors and Advisors",0.3676470588235294
17-3026.00,Industrial Engineering Technologists and Technicians,0.3666666666666667
33-2021.00,Fire Inspectors and Investigators,0.3666666666666667
29-1229.05,Preventive Medicine Physicians,0.36666666666666664
27-1025.00,Interior Designers,0.36666666666666664
43-5071.00,"Shipping, Receiving, and Inventory Clerks",0.36363636363636365
35-9031.00,"Hosts and Hostesses, Restaurant, Lounge, and Coffee Shop",0.36363636363636365
29-1125.00,Recreational Therapists,0.36363636363636365
11-9111.00,Medical and Health Services Managers,0.3611111111111111
19-1032.00,Foresters,0.36
17-3026.01,Nanotechnology Engineering Technologists and Technicians,0.36
19-5011.00,Occupational Health and Safety Specialists,0.3571428571428571
23-1021.00,"Administrative Law Judges, Adjudicators, and Hearing Officers",0.3571428571428571
19-4071.00,Forest and Conservation Technicians,0.3571428571428571
29-1229.02,Hospitalists,0.3571428571428571
11-9179.02,Spa Managers,0.3571428571428571
11-3051.00,Industrial Production Managers,0.3571428571428571
29-1217.00,Neurologists,0.35416666666666663
33-9021.00,Private Detectives and Investigators,0.3529411764705882
29-1214.00,Emergency Medicine Physicians,0.3529411764705882
53-2022.00,Airfield Operations Specialists,0.35185185185185186
33-1012.00,First-Line Supervisors of Police and Detectives,0.35000000000000003
25-2056.00,"Special Education Teachers, Elementary School",0.35
25-2055.00,"Special Education Teachers, Kindergarten",0.35
17-2041.00,Chemical Engineers,0.34615384615384615
43-5041.00,"Meter Readers, Utilities",0.34615384615384615
21-1023.00,Mental Health and Substance Abuse Social Workers,0.34615384615384615
27-4011.00,Audio and Video Technicians,0.3448275862068966
41-2011.00,Cashiers,0.3448275862068966
21-1094.00,Community Health Workers,0.3448275862068966
29-2053.00,Psychiatric Technicians,0.34375
51-9162.00,Computer Numerically Controlled Tool Programmers,0.34375
25-2031.00,"Secondary School Teachers, Except Special and Career/Technical Education",0.34375
25-2022.00,"Middle School Teachers, Except Special and Career/Technical Education",0.34285714285714286
39-9011.01,Nannies,0.3421052631578947
39-1014.00,"First-Line Supervisors of Entertainment and Recreation Workers, Except Gambling Services",0.3421052631578947
43-5052.00,Postal Service Mail Carriers,0.34090909090909094
29-1128.00,Exercise Physiologists,0.34
25-2023.00,"Career/Technical Education Teachers, Middle School",0.3387096774193548
11-1011.00,Chief Executives,0.3387096774193548
25-2032.00,"Career/Technical Education Teachers, Secondary School",0.33333333333333337
11-9041.00,Architectural and Engineering Managers,0.3333333333333333
29-1241.00,"Ophthalmologists, Except Pediatric",0.3333333333333333
29-1123.00,Physical Therapists,0.3333333333333333
29-2011.01,Cytogenetic Technologists,0.3333333333333333
29-1141.04,Clinical Nurse Specialists,0.3333333333333333
29-1141.01,Acute Care Nurses,0.3333333333333333
17-3023.00,Electrical and Electronic Engineering Technologists and Technicians,0.3333333333333333
33-9099.02,Retail Loss Prevention Specialists,0.3333333333333333
27-2012.04,Talent Directors,0.3333333333333333
33-3021.02,Police Identification and Records Officers,0.3333333333333333
29-1213.00,Dermatologists,0.3333333333333333
29-1218.00,Obstetricians and Gynecologists,0.3333333333333333
27-1027.00,Set and Exhibit Designers,0.3333333333333333
39-1013.00,First-Line Supervisors of Gambling Services Workers,0.3333333333333333
39-6011.00,Baggage Porters and Bellhops,0.3235294117647059
13-1041.04,Government Property Inspectors and Investigators,0.3214285714285714
19-1022.00,Microbiologists,0.3214285714285714
17-2021.00,Agricultural Engineers,0.3214285714285714
39-9011.00,Childcare Workers,0.32
29-1011.00,Chiropractors,0.3181818181818182
19-4043.00,"Geological Technicians, Except Hydrologic Technicians",0.31666666666666665
43-3031.00,"Bookkeeping, Accounting, and Auditing Clerks",0.31666666666666665
19-4051.02,Nuclear Monitoring Technicians,0.3157894736842105
41-2022.00,Parts Salespersons,0.3157894736842105
39-3091.00,Amusement and Recreation Attendants,0.3157894736842105
11-3051.06,Hydroelectric Production Managers,0.3157894736842105
53-1044.00,First-Line Supervisors of Passenger Attendants,0.3157894736842105
29-1171.00,Nurse Practitioners,0.31481481481481477
33-9031.00,Gambling Surveillance Officers and Gambling Investigators,0.3125
27-1013.00,"Fine Artists, Including Painters, Sculptors, and Illustrators",0.3125
17-2131.00,Materials Engineers,0.30952380952380953
25-2011.00,"Preschool Teachers, Except Special Education",0.3088235294117647
17-2061.00,Computer Hardware Engineers,0.3055555555555555
25-2051.00,"Special Education Teachers, Preschool",0.3055555555555555
29-1291.00,Acupuncturists,0.3055555555555555
29-1211.00,Anesthesiologists,0.3055555555555555
53-2021.00,Air Traffic Controllers,0.30434782608695654
17-2199.05,Mechatronics Engineers,0.30434782608695654
25-2021.00,"Elementary School Teachers, Except Special Education",0.3026315789473684
49-2094.00,"Electrical and Electronics Repairers, Commercial and Industrial Equipment",0.30000000000000004
25-2057.00,"Special Education Teachers, Middle School",0.30000000000000004
29-2032.00,Diagnostic Medical Sonographers,0.30000000000000004
29-2036.00,Medical Dosimetrists,0.30000000000000004
41-2012.00,Gambling Change Persons and Booth Cashiers,0.3
27-2012.05,Media Technical Directors/Managers,0.3
33-3021.00,Detectives and Criminal Investigators,0.3
29-1129.01,Art Therapists,0.3
25-2012.00,"Kindergarten Teachers, Except Special Education",0.2972972972972973
49-1011.00,"First-Line Supervisors of Mechanics, Installers, and Repairers",0.29545454545454547
53-1043.00,First-Line Supervisors of Material-Moving Machine and Vehicle Operators,0.29545454545454547
45-2011.00,Agricultural Inspectors,0.29545454545454547
43-5111.00,"Weighers, Measurers, Checkers, and Samplers, Recordkeeping",0.29545454545454547
11-9179.01,Fitness and Wellness Coordinators,0.29166666666666663
11-9041.01,Biofuels/Biodiesel Technology and Product Development Managers,0.2894736842105263
39-7011.00,Tour Guides and Escorts,0.2894736842105263
29-1222.00,"Physicians, Pathologists",0.2894736842105263
25-2058.00,"Special Education Teachers, Secondary School",0.28750000000000003
29-1122.01,"Low Vision Therapists, Orientation and Mobility Specialists, and Vision Rehabilitation Therapists",0.2857142857142857
53-6051.00,Transportation Inspectors,0.2857142857142857
29-1161.00,Nurse Midwives,0.2857142857142857
27-4014.00,Sound Engineering Technicians,0.2857142857142857
19-3039.02,Neuropsychologists,0.2857142857142857
29-2034.00,Radiologic Technologists and Technicians,0.2833333333333333
25-9042.00,"Teaching Assistants, Preschool, Elementary, Middle, and Secondary School, Except Special Education",0.2833333333333333
27-2041.00,Music Directors and Composers,0.2833333333333333
21-1011.00,Substance Abuse and Behavioral Disorder Counselors,0.2826086956521739
33-1011.00,First-Line Supervisors of Correctional Officers,0.2826086956521739
21-1021.00,"Child, Family, and School Social Workers",0.2826086956521739
33-3041.00,Parking Enforcement Workers,0.2826086956521739
27-1023.00,Floral Designers,0.28125
19-4013.00,Food Science Technicians,0.28125
21-1013.00,Marriage and Family Therapists,0.28125
27-1026.00,Merchandise Displayers and Window Trimmers,0.28
19-3039.03,Clinical Neuropsychologists,0.2777777777777778
51-7032.00,"Patternmakers, Wood",0.275
31-1122.00,Personal Care Aides,0.2727272727272727
33-3051.04,Customs and Border Protection Officers,0.2727272727272727
11-3013.00,Facilities Managers,0.2727272727272727
29-1081.00,Podiatrists,0.2727272727272727
17-2199.07,Photonics Engineers,0.2692307692307693
25-4013.00,Museum Technicians and Conservators,0.2692307692307693
39-4021.00,Funeral Attendants,0.2692307692307693
35-1012.00,First-Line Supervisors of Food Preparation and Serving Workers,0.2692307692307693
35-2013.00,"Cooks, Private Household",0.2692307692307693
17-3028.00,Calibration Technologists and Technicians,0.26666666666666666
39-9041.00,Residential Advisors,0.26666666666666666
47-1011.03,Solar Energy Installation Managers,0.26666666666666666
53-6051.01,Aviation Inspectors,0.26666666666666666
29-2033.00,Nuclear Medicine Technologists,0.2647058823529412
29-9099.01,Midwives,0.2638888888888889
49-9062.00,Medical Equipment Repairers,0.2631578947368421
11-3051.04,Biomass Power Plant Managers,0.2631578947368421
33-1091.00,First-Line Supervisors of Security Workers,0.26190476190476186
19-4051.00,Nuclear Technicians,0.26190476190476186
35-1011.00,Chefs and Head Cooks,0.26190476190476186
43-5051.00,Postal Service Clerks,0.26190476190476186
21-1014.00,Mental Health Counselors,0.25925925925925924
27-4012.00,Broadcast Technicians,0.25862068965517243
39-9032.00,Recreation Workers,0.25
25-9043.00,"Teaching Assistants, Special Education",0.25
29-1299.01,Naturopathic Physicians,0.25
25-2059.01,Adapted Physical Education Specialists,0.25
29-1229.03,Urologists,0.25
37-1012.00,"First-Line Supervisors of Landscaping, Lawn Service, and Groundskeeping Workers",0.25
37-1011.00,First-Line Supervisors of Housekeeping and Janitorial Workers,0.25
33-9091.00,Crossing Guards and Flaggers,0.25
53-3033.00,Light Truck Drivers,0.25
19-4021.00,Biological Technicians,0.25
17-3029.01,Non-Destructive Testing Specialists,0.25
13-1021.00,"Buyers and Purchasing Agents, Farm Products",0.25
53-3054.00,Taxi Drivers,0.25
53-7081.00,Refuse and Recyclable Material Collectors,0.25
17-3024.00,Electro-Mechanical and Mechatronics Technologists and Technicians,0.24137931034482757
39-3031.00,"Ushers, Lobby Attendants, and Ticket Takers",0.2391304347826087
39-5091.00,"Makeup Artists, Theatrical and Performance",0.23809523809523808
29-2081.00,"Opticians, Dispensing",0.23809523809523808
23-1023.00,"Judges, Magistrate Judges, and Magistrates",0.23809523809523808
21-2011.00,Clergy,0.23809523809523808
27-1012.00,Craft Artists,0.23333333333333334
33-3051.00,Police and Sheriff's Patrol Officers,0.23333333333333334
53-4011.00,Locomotive Engineers,0.23333333333333334
11-9013.00,"Farmers, Ranchers, and Other Agricultural Managers",0.23333333333333334
51-8012.00,Power Distributors and Dispatchers,0.23333333333333334
31-9094.00,Medical Transcriptionists,0.23333333333333334
29-1242.00,"Orthopedic Surgeons, Except Pediatric",0.23333333333333334
33-3012.00,Correctional Officers and Jailers,0.23076923076923078
29-1212.00,Cardiologists,0.23076923076923078
33-9093.00,Transportation Security Screeners,0.23076923076923078
53-2011.00,"Airline Pilots, Copilots, and Flight Engineers",0.23076923076923078
49-9099.01,Geothermal Technicians,0.22916666666666666
43-5011.00,Cargo and Freight Agents,0.22916666666666666
31-2011.00,Occupational Therapy Assistants,0.2272727272727273
39-9031.00,Exercise Trainers and Group Fitness Instructors,0.2272727272727273
51-1011.00,First-Line Supervisors of Production and Operating Workers,0.225
29-1021.00,"Dentists, General",0.225
27-4021.00,Photographers,0.22413793103448276
29-1243.00,Pediatric Surgeons,0.2222222222222222
17-3027.01,Automotive Engineering Technicians,0.2222222222222222
35-3031.00,Waiters and Waitresses,0.22
29-2011.00,Medical and Clinical Laboratory Technologists,0.21875
49-2098.00,Security and Fire Alarm Systems Installers,0.21875
17-3024.01,Robotics Technicians,0.21739130434782608
29-2035.00,Magnetic Resonance Imaging Technologists,0.21739130434782608
29-1131.00,Veterinarians,0.21739130434782608
29-2061.00,Licensed Practical and Licensed Vocational Nurses,0.21739130434782608
17-3029.08,Photonics Technicians,0.21666666666666667
33-9032.00,Security Guards,0.21428571428571427
39-3092.00,Costume Attendants,0.21428571428571427
49-2022.00,"Telecommunications Equipment Installers and Repairers, Except Line Installers",0.21250000000000002
17-3021.00,Aerospace Engineering and Operations Technologists and Technicians,0.20833333333333331
29-2042.00,Emergency Medical Technicians,0.20833333333333331
53-4041.00,Subway and Streetcar Operators,0.20833333333333331
27-4031.00,"Camera Operators, Television, Video, and Film",0.20833333333333331
31-9095.00,Pharmacy Aides,0.20588235294117646
53-4031.00,Railroad Conductors and Yardmasters,0.20454545454545456
39-3012.00,Gambling and Sports Book Writers and Runners,0.20454545454545456
53-5021.00,"Captains, Mates, and Pilots of Water Vessels",0.2
29-2091.00,Orthotists and Prosthetists,0.2
47-1011.00,First-Line Supervisors of Construction Trades and Extraction Workers,0.2
29-1023.00,Orthodontists,0.2
49-2011.00,"Computer, Automated Teller, and Office Machine Repairers",0.2
47-4099.03,Weatherization Installers and Technicians,0.2
37-2021.00,Pest Control Workers,0.19999999999999998
33-9094.00,School Bus Monitors,0.19444444444444442
27-2032.00,Choreographers,0.19444444444444442
29-2043.00,Paramedics,0.19230769230769232
53-2012.00,Commercial Pilots,0.19230769230769232
19-4092.00,Forensic Science Technicians,0.19047619047619047
29-1141.03,Critical Care Nurses,0.1896551724137931
51-8093.00,"Petroleum Pump System Operators, Refinery Operators, and Gaugers",0.1875
51-9061.00,"Inspectors, Testers, Sorters, Samplers, and Weighers",0.1875
29-2099.01,Neurodiagnostic Technologists,0.1875
51-6092.00,Fabric and Apparel Patternmakers,0.1875
27-2023.00,"Umpires, Referees, and Other Sports Officials",0.1875
51-9161.00,Computer Numerically Controlled Tool Operators,0.18518518518518517
49-9091.00,"Coin, Vending, and Amusement Machine Servicers and Repairers",0.18421052631578946
27-2011.00,Actors,0.18421052631578946
53-7065.00,Stockers and Order Fillers,0.18333333333333332
29-1126.00,Respiratory Therapists,0.18181818181818182
31-9099.01,Speech-Language Pathology Assistants,0.18181818181818182
29-1124.00,Radiation Therapists,0.18181818181818182
29-2031.00,Cardiovascular Technologists and Technicians,0.18
11-3051.03,Biofuels Production Managers,0.17857142857142855
31-9011.00,Massage Therapists,0.17857142857142855
49-3041.00,Farm Equipment Mechanics and Service Technicians,0.17857142857142855
53-3051.00,"Bus Drivers, School",0.1764705882352941
53-3053.00,Shuttle Drivers and Chauffeurs,0.17307692307692307
51-4062.00,"Patternmakers, Metal and Plastic",0.16666666666666666
43-9071.00,"Office Machine Operators, Except Computer",0.16666666666666666
49-9064.00,Watch and Clock Repairers,0.16666666666666666
49-2093.00,"Electrical and Electronics Installers and Repairers, Transportation Equipment",0.16666666666666666
33-3031.00,Fish and Game Wardens,0.16666666666666666
33-3011.00,Bailiffs,0.16666666666666666
53-3052.00,"Bus Drivers, Transit and Intercity",0.16666666666666666
27-2022.00,Coaches and Scouts,0.1607142857142857
39-2021.00,Animal Caretakers,0.1590909090909091
51-8091.00,Chemical Plant and System Operators,0.15789473684210525
35-3023.01,Baristas,0.15789473684210525
49-2095.00,"Electrical and Electronics Repairers, Powerhouse, Substation, and Relay",0.15625
49-9041.00,Industrial Machinery Mechanics,0.15625
51-9151.00,Photographic Process Workers and Processing Machine Operators,0.15625
45-4023.00,Log Graders and Scalers,0.15384615384615385
29-2011.02,Cytotechnologists,0.15384615384615385
49-2091.00,Avionics Technicians,0.15384615384615385
51-5112.00,Printing Press Operators,0.15217391304347827
35-2014.00,"Cooks, Restaurant",0.15000000000000002
35-3011.00,Bartenders,0.15000000000000002
31-9092.00,Medical Assistants,0.15000000000000002
45-1011.00,"First-Line Supervisors of Farming, Fishing, and Forestry Workers",0.15
43-5053.00,"Postal Service Mail Sorters, Processors, and Processing Machine Operators",0.14705882352941177
43-5021.00,Couriers and Messengers,0.14705882352941177
31-1133.00,Psychiatric Aides,0.14705882352941177
53-5031.00,Ship Engineers,0.14705882352941177
29-2056.00,Veterinary Technologists and Technicians,0.14516129032258063
53-3032.00,Heavy and Tractor-Trailer Truck Drivers,0.14516129032258063
51-7031.00,"Model Makers, Wood",0.14285714285714285
51-4081.00,"Multiple Machine Tool Setters, Operators, and Tenders, Metal and Plastic",0.14285714285714285
53-6051.07,"Transportation Vehicle, Equipment and Systems Inspectors, Except Aviation",0.14285714285714285
51-4192.00,"Layout Workers, Metal and Plastic",0.14285714285714285
53-7072.00,"Pump Operators, Except Wellhead Pumpers",0.14285714285714285
31-9096.00,Veterinary Assistants and Laboratory Animal Caretakers,0.14285714285714285
47-2111.00,Electricians,0.14285714285714285
53-6061.00,Passenger Attendants,0.14285714285714285
39-3011.00,Gambling Dealers,0.14285714285714285
51-3092.00,Food Batchmakers,0.14
53-2031.00,Flight Attendants,0.14
51-6062.00,"Textile Cutting Machine Setters, Operators, and Tenders",0.1388888888888889
53-6021.00,Parking Attendants,0.1388888888888889
53-6011.00,Bridge and Lock Tenders,0.1388888888888889
51-3011.00,Bakers,0.1388888888888889
51-4041.00,Machinists,0.13793103448275862
51-6093.00,Upholsterers,0.13636363636363635
51-2021.00,"Coil Winders, Tapers, and Finishers",0.13636363636363635
19-4012.00,Agricultural Technicians,0.13461538461538464
49-9021.00,"Heating, Air Conditioning, and Refrigeration Mechanics and Installers",0.13333333333333333
27-2042.00,Musicians and Singers,0.13333333333333333
47-5032.00,"Explosives Workers, Ordnance Handling Experts, and Blasters",0.13333333333333333
29-1229.04,Physical Medicine and Rehabilitation Physicians,0.13333333333333333
47-5023.00,"Earth Drillers, Except Oil and Gas",0.13333333333333333
29-2012.00,Medical and Clinical Laboratory Technicians,0.13333333333333333
33-9092.00,"Lifeguards, Ski Patrol, and Other Recreational Protective Service Workers",0.13333333333333333
47-5013.00,"Service Unit Operators, Oil and Gas",0.13157894736842105
47-4011.00,Construction and Building Inspectors,0.13157894736842105
31-2022.00,Physical Therapist Aides,0.13157894736842105
53-7011.00,Conveyor Operators and Tenders,0.13043478260869565
39-3093.00,"Locker Room, Coatroom, and Dressing Room Attendants",0.13043478260869565
49-2096.00,"Electronic Equipment Installers and Repairers, Motor Vehicles",0.125
51-8031.00,Water and Wastewater Treatment Plant and System Operators,0.125
29-1151.00,Nurse Anesthetists,0.125
39-5093.00,Shampooers,0.125
29-1071.00,Physician Assistants,0.125
39-4012.00,Crematory Operators,0.125
29-2057.00,Ophthalmic Medical Technicians,0.125
49-3042.00,"Mobile Heavy Equipment Mechanics, Except Engines",0.125
53-3031.00,Driver/Sales Workers,0.125
51-6063.00,"Textile Knitting and Weaving Machine Setters, Operators, and Tenders",0.125
33-9011.00,Animal Control Workers,0.125
31-1131.00,Nursing Assistants,0.12121212121212122
43-9051.00,"Mail Clerks and Mail Machine Operators, Except Postal Service",0.12068965517241378
53-5022.00,Motorboat Operators,0.11764705882352941
51-4111.00,Tool and Die Makers,0.11764705882352941
35-2012.00,"Cooks, Institution and Cafeteria",0.11764705882352941
51-9071.00,Jewelers and Precious Stone and Metal Workers,0.11666666666666667
51-8013.00,Power Plant Operators,0.11666666666666667
47-2231.00,Solar Photovoltaic Installers,0.11538461538461539
51-9071.06,Gem and Diamond Workers,0.11363636363636365
39-5094.00,Skincare Specialists,0.1111111111111111
49-9043.00,"Maintenance Workers, Machinery",0.1111111111111111
53-6032.00,Aircraft Service Attendants,0.1111111111111111
49-9095.00,Manufactured Building and Mobile Home Installers,0.10714285714285714
49-3053.00,Outdoor Power Equipment and Other Small Engine Mechanics,0.10714285714285714
47-5044.00,"Loading and Moving Machine Operators, Underground Mining",0.10714285714285714
35-3041.00,"Food Servers, Nonrestaurant",0.10714285714285714
51-9195.04,"Glass Blowers, Molders, Benders, and Finishers",0.10526315789473684
53-7121.00,"Tank Car, Truck, and Ship Loaders",0.10526315789473684
45-4021.00,Fallers,0.10526315789473684
39-2011.00,Animal Trainers,0.10526315789473684
31-9097.00,Phlebotomists,0.10416666666666666
51-6061.00,Textile Bleaching and Dyeing Machine Operators and Tenders,0.10416666666666666
37-3012.00,"Pesticide Handlers, Sprayers, and Applicators, Vegetation",0.1
51-8021.00,Stationary Engineers and Boiler Operators,0.1
51-8011.00,Nuclear Power Reactor Operators,0.1
47-2131.00,"Insulation Workers, Floor, Ceiling, and Wall",0.1
51-9082.00,Medical Appliance Technicians,0.1
51-5111.00,Prepress Technicians and Workers,0.1
53-6031.00,Automotive and Watercraft Service Attendants,0.1
49-9031.00,Home Appliance Repairers,0.0967741935483871
31-2021.00,Physical Therapist Assistants,0.09523809523809523
29-1071.01,Anesthesiologist Assistants,0.09375
31-9091.00,Dental Assistants,0.09375
27-4015.00,Lighting Technicians,0.09375
51-4021.00,"Extruding and Drawing Machine Setters, Operators, and Tenders, Metal and Plastic",0.09375
51-4061.00,"Model Makers, Metal and Plastic",0.09375
51-2092.00,Team Assemblers,0.09090909090909091
29-1024.00,Prosthodontists,0.09090909090909091
51-7021.00,Furniture Finishers,0.09090909090909091
39-4031.00,"Morticians, Undertakers, and Funeral Arrangers",0.09090909090909091
47-4071.00,Septic Tank Servicers and Sewer Pipe Cleaners,0.09090909090909091
49-2097.00,Audiovisual Equipment Installers and Repairers,0.09090909090909091
35-3023.00,Fast Food and Counter Workers,0.08928571428571427
47-2073.00,Operating Engineers and Other Construction Equipment Operators,0.08928571428571427
51-9041.00,"Extruding, Forming, Pressing, and Compacting Machine Setters, Operators, and Tenders",0.08928571428571427
49-3092.00,Recreational Vehicle Service Technicians,0.08823529411764705
51-2022.00,Electrical and Electronic Equipment Assemblers,0.08823529411764705
47-2031.00,Carpenters,0.08620689655172414
51-4122.00,"Welding, Soldering, and Brazing Machine Setters, Operators, and Tenders",0.08620689655172414
25-3031.00,"Substitute Teachers, Short-Term",0.08333333333333333
45-2041.00,"Graders and Sorters, Agricultural Products",0.08333333333333333
45-2021.00,Animal Breeders,0.08333333333333333
53-7064.00,"Packers and Packagers, Hand",0.08333333333333333
51-8013.03,Biomass Plant Technicians,0.08333333333333333
33-2011.00,Firefighters,0.08333333333333333
47-4091.00,Segmental Pavers,0.08333333333333333
29-1292.00,Dental Hygienists,0.08333333333333333
37-2012.00,Maids and Housekeeping Cleaners,0.08
49-9092.00,Commercial Divers,0.08
51-8099.01,Biofuels Processing Technicians,0.07894736842105263
51-4023.00,"Rolling Machine Setters, Operators, and Tenders, Metal and Plastic",0.07894736842105263
51-9023.00,"Mixing and Blending Machine Setters, Operators, and Tenders",0.07894736842105263
51-8092.00,Gas Plant Operators,0.07894736842105263
53-7041.00,Hoist and Winch Operators,0.07692307692307693
53-7063.00,Machine Feeders and Offbearers,0.07692307692307693
53-7071.00,Gas Compressor and Gas Pumping Station Operators,0.07692307692307693
51-9111.00,Packaging and Filling Machine Operators and Tenders,0.07500000000000001
51-7011.00,Cabinetmakers and Bench Carpenters,0.07500000000000001
47-4021.00,Elevator and Escalator Installers and Repairers,0.07500000000000001
39-5011.00,Barbers,0.07500000000000001
51-6041.00,Shoe and Leather Workers and Repairers,0.07407407407407407
51-9198.00,Helpers--Production Workers,0.07352941176470588
51-9012.00,"Separating, Filtering, Clarifying, Precipitating, and Still Machine Setters, Operators, and Tenders",0.07142857142857142
51-8013.04,Hydroelectric Plant Technicians,0.07142857142857142
47-2152.04,Solar Thermal Installers and Technicians,0.07142857142857142
29-1022.00,Oral and Maxillofacial Surgeons,0.07142857142857142
49-9094.00,Locksmiths and Safe Repairers,0.07142857142857142
51-6091.00,"Extruding and Forming Machine Setters, Operators, and Tenders, Synthetic and Glass Fibers",0.07142857142857142
47-5081.00,Helpers--Extraction Workers,0.07142857142857142
51-9021.00,"Crushing, Grinding, and Polishing Machine Setters, Operators, and Tenders",0.06818181818181818
39-3021.00,Motion Picture Projectionists,0.06818181818181818
51-6052.00,"Tailors, Dressmakers, and Custom Sewers",0.06818181818181818
45-2093.00,"Farmworkers, Farm, Ranch, and Aquacultural Animals",0.06818181818181818
49-9071.00,"Maintenance and Repair Workers, General",0.06666666666666667
51-4035.00,"Milling and Planing Machine Setters, Operators, and Tenders, Metal and Plastic",0.06666666666666667
49-2021.00,"Radio, Cellular, and Tower Equipment Installers and Repairers",0.06666666666666667
49-9061.00,Camera and Photographic Equipment Repairers,0.06666666666666667
31-2012.00,Occupational Therapy Aides,0.06666666666666667
47-5041.00,Continuous Mining Machine Operators,0.06666666666666667
49-3023.00,Automotive Service Technicians and Mechanics,0.06666666666666667
45-2092.00,"Farmworkers and Laborers, Crop, Nursery, and Greenhouse",0.06666666666666667
49-3011.00,Aircraft Mechanics and Service Technicians,0.06578947368421052
51-9011.00,Chemical Equipment Operators and Tenders,0.06521739130434782
29-2099.05,Ophthalmic Medical Technologists,0.06451612903225806
51-2051.00,Fiberglass Laminators and Fabricators,0.0625
29-2011.04,Histotechnologists,0.0625
51-6064.00,"Textile Winding, Twisting, and Drawing Out Machine Setters, Operators, and Tenders",0.0625
49-3091.00,Bicycle Repairers,0.0625
51-9141.00,Semiconductor Processing Technicians,0.06249999999999999
49-3021.00,Automotive Body and Related Repairers,0.060000000000000005
49-9011.00,Mechanical Door Repairers,0.06
53-4013.00,"Rail Yard Engineers, Dinkey Operators, and Hostlers",0.06
37-3013.00,Tree Trimmers and Pruners,0.057692307692307696
51-5113.00,Print Binding and Finishing Workers,0.057692307692307696
51-4191.00,"Heat Treating Equipment Setters, Operators, and Tenders, Metal and Plastic",0.057692307692307696
47-5051.00,"Rock Splitters, Quarry",0.05555555555555555
45-4022.00,Logging Equipment Operators,0.05555555555555555
51-4033.00,"Grinding, Lapping, Polishing, and Buffing Machine Tool Setters, Operators, and Tenders, Metal and Plastic",0.05555555555555555
51-9083.00,Ophthalmic Laboratory Technicians,0.05555555555555555
39-5092.00,Manicurists and Pedicurists,0.05555555555555555
51-9032.00,"Cutting and Slicing Machine Setters, Operators, and Tenders",0.05357142857142857
53-4022.00,"Railroad Brake, Signal, and Switch Operators and Locomotive Firers",0.05357142857142857
49-9012.00,"Control and Valve Installers and Repairers, Except Mechanical Door",0.05128205128205128
47-2152.00,"Plumbers, Pipefitters, and Steamfitters",0.05
51-9022.00,"Grinding and Polishing Workers, Hand",0.05
51-3091.00,"Food and Tobacco Roasting, Baking, and Drying Machine Operators and Tenders",0.05
49-3043.00,Rail Car Repairers,0.05
29-1041.00,Optometrists,0.05
35-2021.00,Food Preparation Workers,0.04838709677419355
47-4041.00,Hazardous Materials Removal Workers,0.047619047619047616
53-7062.00,"Laborers and Freight, Stock, and Material Movers, Hand",0.047619047619047616
45-4011.00,Forest and Conservation Workers,0.047619047619047616
51-6011.00,Laundry and Dry-Cleaning Workers,0.046875
53-7051.00,Industrial Truck and Tractor Operators,0.045454545454545456
53-7021.00,Crane and Tower Operators,0.045454545454545456
51-4072.00,"Molding, Coremaking, and Casting Machine Setters, Operators, and Tenders, Metal and Plastic",0.045454545454545456
51-9192.00,"Cleaning, Washing, and Metal Pickling Equipment Operators and Tenders",0.045454545454545456
29-2092.00,Hearing Aid Specialists,0.045454545454545456
53-3011.00,"Ambulance Drivers and Attendants, Except Emergency Medical Technicians",0.045454545454545456
49-9044.00,Millwrights,0.043478260869565216
39-5012.00,"Hairdressers, Hairstylists, and Cosmetologists",0.043478260869565216
47-2211.00,Sheet Metal Workers,0.041666666666666664
31-1132.00,Orderlies,0.041666666666666664
51-3021.00,Butchers and Meat Cutters,0.041666666666666664
47-2044.00,Tile and Stone Setters,0.04
51-4193.00,"Plating Machine Setters, Operators, and Tenders, Metal and Plastic",0.039473684210526314
49-3051.00,Motorboat Mechanics and Service Technicians,0.038461538461538464
47-2132.00,"Insulation Workers, Mechanical",0.038461538461538464
51-6051.00,"Sewers, Hand",0.038461538461538464
51-9123.00,"Painting, Coating, and Decorating Workers",0.038461538461538464
39-4011.00,Embalmers,0.038461538461538464
49-9081.00,Wind Turbine Service Technicians,0.038461538461538464
51-4022.00,"Forging Machine Setters, Operators, and Tenders, Metal and Plastic",0.038461538461538464
51-7042.00,"Woodworking Machine Setters, Operators, and Tenders, Except Sawing",0.038461538461538464
37-3011.00,Landscaping and Groundskeeping Workers,0.037037037037037035
47-2121.00,Glaziers,0.037037037037037035
29-9093.00,Surgical Assistants,0.03571428571428571
49-9096.00,Riggers,0.03571428571428571
49-9097.00,Signal and Track Switch Repairers,0.03571428571428571
27-2031.00,Dancers,0.03571428571428571
47-2161.00,Plasterers and Stucco Masons,0.03333333333333333
51-9194.00,Etchers and Engravers,0.03333333333333333
51-9196.00,"Paper Goods Machine Setters, Operators, and Tenders",0.03333333333333333
51-4121.00,"Welders, Cutters, Solderers, and Brazers",0.03333333333333333
31-1121.00,Home Health Aides,0.03333333333333333
51-4051.00,Metal-Refining Furnace Operators and Tenders,0.03333333333333333
29-2055.00,Surgical Technologists,0.03125
31-9093.00,Medical Equipment Preparers,0.03125
51-9195.03,"Stone Cutters and Carvers, Manufacturing",0.03125
51-4034.00,"Lathe and Turning Machine Tool Setters, Operators, and Tenders, Metal and Plastic",0.03125
47-2041.00,Carpet Installers,0.03125
51-3093.00,Food Cooking Machine Operators and Tenders,0.029411764705882353
51-9081.00,Dental Laboratory Technicians,0.029411764705882353
53-7062.04,Recycling and Reclamation Workers,0.027777777777777776
51-9051.00,"Furnace, Kiln, Oven, Drier, and Kettle Operators and Tenders",0.027777777777777776
51-9193.00,Cooling and Freezing Equipment Operators and Tenders,0.02631578947368421
35-2011.00,"Cooks, Fast Food",0.02631578947368421
47-2141.00,"Painters, Construction and Maintenance",0.02631578947368421
51-6042.00,Shoe Machine Operators and Tenders,0.02631578947368421
47-4031.00,Fence Erectors,0.025
49-9052.00,Telecommunications Line Installers and Repairers,0.025
47-5012.00,"Rotary Drill Operators, Oil and Gas",0.022727272727272728
37-2011.00,"Janitors and Cleaners, Except Maids and Housekeeping Cleaners",0.021739130434782608
51-2041.00,Structural Metal Fabricators and Fitters,0.021739130434782608
51-7041.00,"Sawing Machine Setters, Operators, and Tenders, Wood",0.020833333333333332
51-9195.05,"Potters, Manufacturing",0.020833333333333332
47-2081.00,Drywall and Ceiling Tile Installers,0.019230769230769232
47-2053.00,Terrazzo Workers and Finishers,0.019230769230769232
51-6031.00,Sewing Machine Operators,0.019230769230769232
51-9195.00,"Molders, Shapers, and Casters, Except Metal and Plastic",0.018518518518518517
51-6021.00,"Pressers, Textile, Garment, and Related Materials",0.017857142857142856
53-5011.00,Sailors and Marine Oilers,0.017857142857142856
45-3031.00,Fishing and Hunting Workers,0.016666666666666666
51-2011.00,"Aircraft Structure, Surfaces, Rigging, and Systems Assemblers",0.016666666666666666
51-9124.00,"Coating, Painting, and Spraying Machine Setters, Operators, and Tenders",0.016666666666666666
47-2061.00,Construction Laborers,0.015625
51-4031.00,"Cutting, Punching, and Press Machine Setters, Operators, and Tenders, Metal and Plastic",0.015625
49-2092.00,"Electric Motor, Power Tool, and Related Repairers",0.01282051282051282
47-2221.00,Structural Iron and Steel Workers,0.0
47-2151.00,Pipelayers,0.0
47-2181.00,Roofers,0.0
47-2171.00,Reinforcing Iron and Rebar Workers,0.0
49-3022.00,Automotive Glass Installers and Repairers,0.0
47-3011.00,"Helpers--Brickmasons, Blockmasons, Stonemasons, and Tile and Marble Setters",0.0
47-2142.00,Paperhangers,0.0
49-3031.00,Bus and Truck Mechanics and Diesel Engine Specialists,0.0
29-2012.01,Histology Technicians,0.0
47-5043.00,"Roof Bolters, Mining",0.0
47-3012.00,Helpers--Carpenters,0.0
47-3016.00,Helpers--Roofers,0.0
13-1074.00,Farm Labor Contractors,0.0
53-7073.00,Wellhead Pumpers,0.0
47-4051.00,Highway Maintenance Workers,0.0
47-4061.00,Rail-Track Laying and Maintenance Equipment Operators,0.0
27-2021.00,Athletes and Sports Competitors,0.0
47-5011.00,"Derrick Operators, Oil and Gas",0.0
47-5022.00,"Excavating and Loading Machine and Dragline Operators, Surface Mining",0.0
47-5071.00,"Roustabouts, Oil and Gas",0.0
53-7061.00,Cleaners of Vehicles and Equipment,0.0
47-3015.00,"Helpers--Pipelayers, Plumbers, Pipefitters, and Steamfitters",0.0
47-3014.00,"Helpers--Painters, Paperhangers, Plasterers, and Stucco Masons",0.0
53-7031.00,Dredge Operators,0.0
49-3093.00,Tire Repairers and Changers,0.0
47-3013.00,Helpers--Electricians,0.0
49-3052.00,Motorcycle Mechanics,0.0
51-9031.00,"Cutters and Trimmers, Hand",0.0
49-9045.00,"Refractory Materials Repairers, Except Brickmasons",0.0
49-9051.00,Electrical Power-Line Installers and Repairers,0.0
47-2011.00,Boilermakers,0.0
47-2021.00,Brickmasons and Blockmasons,0.0
51-4194.00,"Tool Grinders, Filers, and Sharpeners",0.0
47-2022.00,Stonemasons,0.0
51-4071.00,Foundry Mold and Coremakers,0.0
47-2042.00,"Floor Layers, Except Carpet, Wood, and Hard Tiles",0.0
51-4052.00,"Pourers and Casters, Metal",0.0
51-9191.00,Adhesive Bonding Machine Operators and Tenders,0.0
47-2043.00,Floor Sanders and Finishers,0.0
51-4032.00,"Drilling and Boring Machine Tool Setters, Operators, and Tenders, Metal and Plastic",0.0
51-3023.00,Slaughterers and Meat Packers,0.0
51-3022.00,"Meat, Poultry, and Fish Cutters and Trimmers",0.0
47-2051.00,Cement Masons and Concrete Finishers,0.0
51-9197.00,Tire Builders,0.0
51-2061.00,Timing Device Assemblers and Adjusters,0.0
53-1041.00,Aircraft Cargo Handling Supervisors,0.0
51-2031.00,Engine and Other Machine Assemblers,0.0
51-2023.00,Electromechanical Equipment Assemblers,0.0
35-9021.00,Dishwashers,0.0
35-9011.00,Dining Room and Cafeteria Attendants and Bartender Helpers,0.0
35-2015.00,"Cooks, Short Order",0.0
47-2071.00,"Paving, Surfacing, and Tamping Equipment Operators",0.0
49-9098.00,"Helpers--Installation, Maintenance, and Repair Workers",0.0
31-9099.02,Endoscopy Technicians,0.0
45-2091.00,Agricultural Equipment Operators,0.0
49-9063.00,Musical Instrument Repairers and Tuners,0.0
47-2082.00,Tapers,0.0
47-2072.00,Pile Driver Operators,0.0
